Algorithm,Final Best Distance,Best Ever Distance,Iteration of Best
GA,5650.611716255316,5650.611716255316,628
ACO,5870.461122437909,5657.991014860159,345
SA,5712.362860081581,5712.362860081581,6171
Tabu,5818.602695331233,5818.602695331233,488
Hybrid DPSO,6164.416058661018,6164.416058661018,399
