Algorithm,Best Distance,Final Distance,Total Time (s),Time to ε-conv (own best) (s)
GA,5650.611716255316,5650.611716255316,8.266235828399658,2.931272506713867
ACO,5657.991014860159,5870.461122437909,39.02324676513672,0.2247087955474853
Tabu,5818.602695331233,5818.602695331233,1.4292597770690918,0.1195118427276611
PSO,6164.416058661018,6164.416058661018,8.178558588027954,1.5610783100128174
SA,6470.662102252012,6470.662102252012,2.0668957233428955,1.0214669704437256
